"","disp_est","disp_lower","disp_upper","event_magnitude","rp_est","rp_lower","rp_upper","pr_est","pr_lower","pr_upper","rel_DI_est","rel_DI_lower","rel_DI_upper","abs_DI_est","abs_DI_lower","abs_DI_upper"
"cpc",0.07976,0.05896,0.09302,86.65774,7.3474,3.69349,30.53701,0.31706,0.0607,2.08773,39.38197,-16.52068,121.48516,24.48489,-17.1497,47.5313
"chirps05+centrends01",0.0675,0.0571,0.07627,131.73563,2.86164,1.86545,5.23029,0.52235,0.23587,1.10086,30.17104,-3.95109,69.84511,30.53368,-5.41911,54.1734
