"","disp_est","disp_lower","disp_upper","event_magnitude","rp_est","rp_lower","rp_upper","pr_est","pr_lower","pr_upper","rel_DI_est","rel_DI_lower","rel_DI_upper","abs_DI_est","abs_DI_lower","abs_DI_upper"
"cpc",0.06466,0.04878,0.07624,100.62882,10.88907,4.36724,52.71624,6.93885,0.24862,3622.23391,-26.63637,-59.90816,24.83328,-36.53563,-150.36741,20.01821
"chirps05+centrends01",0.05606,0.04807,0.06233,144.88959,5.91954,3.03041,15.04343,1.6057,0.38096,7.4167,-8.44292,-30.46315,17.1441,-13.36097,-63.47415,21.20465
